joint_name,step_index,x,y
B,0,3.6666666667982675,7.888106377488399
B,1,4.523338462901345,8.301374859411569
B,2,5.401107456144845,8.616597794094128
B,3,6.247013379361206,8.82762923486722
B,4,7.016967132083252,8.946152602174708
B,5,7.683128849075887,8.99442008547478
B,6,8.234142823994645,8.996953769916248
B,7,8.67100836992178,8.974951129307913
B,8,9.002011672177943,8.944046769236454
B,9,9.238663343971513,8.914354329988218
B,10,9.393114043647689,8.891525924235783
B,11,9.476790182467926,8.878011644336645
B,12,9.499825258244693,8.87414920956098
B,13,9.470935975707528,8.87898346416279
B,14,9.397513675460491,8.890835479848679
B,15,9.285799907277763,8.90767750884238
B,16,9.141078756007316,8.92737023291173
B,17,8.967855212383855,8.947807344793276
B,18,8.770008260442957,8.966999903933477
B,19,8.550916795209949,8.983122545795819
B,20,8.313560561413212,8.994536105902963
B,21,8.060599757031726,8.99979597855987
B,22,7.794437076071641,8.99765213107673
B,23,7.517265623287028,8.987044425797535
B,24,7.2311055953011865,8.967095482202406
B,25,6.937832089905071,8.937102401021525
B,26,6.639195930891485,8.89652810279611
B,27,6.3368390005567665,8.844992678915084
B,28,6.032305254096871,8.782264934936293
B,29,5.727048339897812,8.708254173491335
B,30,5.422436555618289,8.623002185266344
B,31,5.11975572108458,8.526675371304437
B,32,4.820210436023634,8.419556895662302
B,33,4.524924105901155,8.302038756677927
B,34,4.234938056474535,8.174613663373808
B,35,3.95121001222323,8.037866608500693
B,36,3.674612181622397,7.8924660404273475
B,37,3.405929169967533,7.739154552348096
B,38,3.1458559252357112,7.578739029418552
B,39,2.8949959116036332,7.41208022288235
B,40,2.6538596961594596,7.240081755288813
B,41,2.4228641245260443,7.063678602325876
B,42,2.202332247197905,6.883825145029217
B,43,1.9924941465666501,6.701482926942548
B,44,1.793488769746082,6.517608330346143
B,45,1.6053668707307578,6.333140385389476
B,46,1.428095091615555,6.148989012357329
B,47,1.2615611824390722,5.966023994325969
B,48,1.1055802990522423,5.785064994105221
B,49,0.9599022642565123,5.606872913663885
B,50,0.824219625712515,5.432142856990839
B,51,0.6981763004317987,5.261498898523707
B,52,0.5813765643861384,5.095490782965643
B,53,0.47339413015467446,4.934592595010432
B,54,0.3737810571728746,4.779203347294613
B,55,0.2820762576982796,4.62964935030282
B,56,0.19781339482820304,4.4861881566481
B,57,0.1205280130533799,4.349013819906146
B,58,0.04976379228675043,4.218263178184424
B,59,-0.014922131723660748,4.0940228652668385
B,60,-0.07395478850692339,3.9763367654333193
B,61,-0.12773790035050459,3.865213658036672
B,62,-0.17665124614605787,3.7606348397641867
B,63,-0.22104876580662136,3.6625615611845888
B,64,-0.26125729247832563,3.570942165143744
B,65,-0.29757579049590666,3.485718864222398
B,66,-0.33027497383347004,3.4068341403471907
B,67,-0.35959718077628366,3.3342367904452823
B,68,-0.38575638372104804,3.267887677471607
B,69,-0.4089382165025248,3.207765276764463
B,70,-0.4292999036555989,3.1538711346664563
B,71,-0.4469699748474312,3.1062353812851704
B,72,-0.4620476416345279,3.0649224640587143
B,73,-0.47460170082543257,3.030037295546248
B,74,-0.48466880678696844,3.0017320398735823
B,75,-0.4922509210660658,2.9802138000027236
B,76,-0.49731169767831374,2.9657535151357672
B,77,-0.4997714906809174,2.9586964369726187
B,78,-0.4995005691483052,2.9594746281742097
B,79,-0.4963099818633343,2.9686220189711134
B,80,-0.4899393133504486,2.9867926701585548
B,81,-0.48004029052339736,3.0147830218950045
B,82,-0.4661548012267258,3.0535590510511845
B,83,-0.4476853243064389,3.1042893962696896
B,84,-0.42385497908230896,3.16838559552356
B,85,-0.3936532917172575,3.2475505235266593
B,86,-0.3557622380666805,3.3438357310333635
B,87,-0.3084550458709008,3.4597073165367305
B,88,-0.24945757201871377,3.598117526809556
B,89,-0.17575899044089116,3.762574246132548
B,90,-0.08335583819334591,3.9571907198063934
B,91,0.03308628335721675,4.18667957118747
B,92,0.1806603096493653,4.45622337947792
B,93,0.3687105526503478,4.771102741358819
B,94,0.6092893597383515,5.135892934228812
B,95,0.9173143283988994,5.552977912407156
B,96,1.3098900649085343,6.020168526613299
B,97,1.803950228055828,6.527554459653592
B,98,2.41139527251374,7.054608223886253
B,99,3.1319720937424256,7.569828551429616
B,100,3.9466256053127333,8.035555737661738
B,101,4.81625186963064,8.418060812384057
B,102,5.689079745471229,8.69825543295934
B,103,6.513842377967199,8.876448361997376
B,104,7.251424532427283,8.96881456882608
B,105,7.879748938979997,8.999196613169612
B,106,8.392143259720244,8.991452812507724
B,107,8.792572246789813,8.965033699732153
B,108,9.090774779789603,8.933656047817149
B,109,9.298693154217588,8.905806874801021
B,110,9.428340394694246,8.885935162765161
B,111,9.49074713123404,8.875678734040978
B,112,9.495574104031746,8.874866652417756
B,113,9.451079967974747,8.882250105062186
B,114,9.364251524577815,8.896000100076318
B,115,9.240990098512336,8.914030714484674
B,116,9.086301394494992,8.934201099135898
B,117,8.904466081820384,8.954436951714296
B,118,8.699183760343722,8.972800123825994
B,119,8.473690189726453,8.987525665673282
B,120,8.230850698456694,8.99703884291904
B,121,7.973233519430629,8.999960196695488
B,122,7.703166768752032,8.995103669276066
B,123,7.422782321282313,8.981470911936881
B,124,7.134049297051044,8.958243654511229
B,125,6.838799353874617,8.924775238402738
B,126,6.538745532834982,8.880581928075895
B,127,6.2354960345824635,8.825334314145945
B,128,5.930564010326437,8.758848936068965
B,129,5.625374221142181,8.681080140684951
B,130,5.321267241337683,8.592112127039407
B,131,5.019501745660112,8.492151090778016
B,132,4.721255317309364,8.381517362331724
B,133,4.427624136948131,8.260637425716117
B,134,4.1396218564689224,8.130035705454834
B,135,3.858177920650519,7.99032601608433
B,136,3.5841355712955894,7.842202581240109
B,137,3.3182497488370286,7.686430547501298
B,138,3.061185092921131,7.52383594236679
B,139,2.813514233487596,7.355295056370514
B,140,2.5757165548144627,7.181723266562937
B,141,2.348177604385344,7.004063361973601
B,142,2.131189303899288,6.82327347997558
B,143,1.9249510991960266,6.640314813418529
B,144,1.7295721577439434,6.456139298601318
B,145,1.5450746858622004,6.271677539252087
B,146,1.371398393314018,6.087827256667158
B,147,1.208406081860911,5.905442575976327
B,148,1.0558902796406366,5.725324458815309
B,149,0.9135807887636842,5.548212570723339
B,150,0.7811529639409676,5.374778826862998
B,151,0.6582364999609078,5.205622794422874
B,152,0.5444244794881383,5.04126904926763
B,153,0.4392824227109262,4.882166495186957
B,154,0.3423570866149426,4.72868956581157
B,155,0.2531847936400675,4.581141141381967
B,156,0.17129908207851585,4.439756968181821
B,157,0.09623755875810502,4.30471128779163
B,158,0.027547844490566575,4.176123397002689
B,159,-0.03520742075665417,4.054064837217183
B,160,-0.09244650690509904,3.9385669388617512
B,161,-0.14456540927476969,3.829628479779625
B,162,-0.19193547094303742,3.7272232612340357
B,163,-0.2349017095600967,3.6313074550568594
B,164,-0.2737817319684339,3.541826626347452
B,165,-0.3088651129253783,3.4587223847342603
B,166,-0.34041311263875906,3.381938661487693
B,167,-0.36865860975257614,3.3114276487710352
B,168,-0.39380612990994757,3.24715547105518
B,169,-0.4160318532112395,3.189107687979969
B,170,-0.43548348502234857,3.1372947540501164
B,171,-0.45227987197424246,3.0917575852195807
B,172,-0.46651023687404836,3.0525734076201188
B,173,-0.47823289063036534,3.0198620915997587
B,174,-0.4874732537171328,2.9937932072054387
B,175,-0.4942209808979487,2.9745940778098516
B,176,-0.4984259264029214,2.962559159486977
B,177,-0.4999926061354375,2.9580611378974746
B,178,-0.4987726997119488,2.96156421478571
B,179,-0.4945549751848346,2.9736401552374367
B,180,-0.487051794465706,2.994987785733784
B,181,-0.4758810409467529,3.0264567694462166
B,182,-0.46054186442794176,3.0690766292499942
B,183,-0.44038200852975296,3.1240921150517487
B,184,-0.4145535987666076,3.193006063615784
B,185,-0.3819530294146394,3.277630759310867
B,186,-0.3411388811401852,3.380148241899783
B,187,-0.2902195272990693,3.5031785785151506
B,188,-0.22669924249144824,3.6498519906052174
B,189,-0.1472685400932603,3.8238743971666675
B,190,-0.04752232018372737,4.029563810792483
B,191,0.07840827792343763,4.271812798943536
B,192,0.23831048239671926,4.555894624880025
B,193,0.44238777691903675,4.886972220114778
B,194,0.7036571742534292,5.269096825884079
B,195,1.037903799677324,5.7034390086577655
B,196,1.4625480683180183,6.185606052744238
B,197,1.9935212339584139,6.702403511818964
B,198,2.639525723894765,7.229475467051345
B,199,3.3946219696744757,7.732431260132438
B,200,4.232804033165643,8.17363043848028
B,201,5.109514731871995,8.52320919102721
B,202,5.97160307065518,8.768443755697895
B,203,6.770836925706514,8.91566924788307
B,204,7.473612200154745,8.984593250927961
B,205,8.063400586792753,8.99977668652328
B,206,8.537657173218925,8.983925910967
B,207,8.90276110138177,8.954609002974996
B,208,9.169506884211762,8.923690584524955
B,209,9.350034946058226,8.898168668012637
B,210,9.456107211606469,8.881427350865167
B,211,9.49831802695704,8.874403815980884
B,212,9.485853345656386,8.876499300694814
B,213,9.426529081210195,8.886226127168175
B,214,9.326948612890325,8.901640712906543
B,215,9.192694307792431,8.92062107096503
B,216,9.028512496938713,8.941038084886323
B,217,8.838475521209334,8.960857035357215
B,218,8.62611659333784,8.978194584734336
B,219,8.394538687586117,8.991348019644878
B,220,8.146500832578909,8.998807559454645
B,221,7.884485600249365,8.99925865893822
B,222,7.610751381557927,8.991578587876464
B,223,7.327372524197372,8.974829929882977
B,224,7.0362698676064115,8.948252579497026
B,225,6.7392337123080175,8.911255150949152
B,226,6.437940838521112,8.863406296437034
B,227,6.13396684616775,8.804426174903591
B,228,5.828794816876453,8.734178155534376
B,229,5.523821087044984,8.652660746201231
B,230,5.220358758195756,8.559999682346657
B,231,4.919639446833113,8.456440081623745
B,232,4.622813682592094,8.342338554969954
B,233,4.330950294042461,8.218155160388902
B,234,4.045035070807948,8.084445088621745
B,235,3.7659689544412056,7.941849978733597
B,236,3.4945659852627866,7.791088776033012
B,237,3.2315512151102475,7.63294806487516
B,238,2.977558783915627,7.468271835202183
B,239,2.733130348634589,7.297950674509453
B,240,2.4987140437523134,7.12291041628429
B,241,2.2746641409247914,6.944100321177505
B,242,2.061241558985107,6.762480916661734
B,243,1.8586153526115474,6.579011672058029
B,244,1.666865277083927,6.394638734840267
B,245,1.4859854873006553,6.210282996425312
B,246,1.3158893822874163,6.026828786128195
B,247,1.1564155537789045,5.84511350569804
B,248,1.0073347423321568,5.6659185099465255
B,249,0.8683576510586253,5.489961509355933
B,250,0.7391434201703282,5.3178907186060105
B,251,0.6193085296911214,5.150280903861825
B,252,0.5084358765805899,4.987631397185417
B,253,0.406083768349883,4.830366056248899
B,254,0.3117945883245028,4.678835060145239
B,255,0.2251029163920153,4.5333183556049805
B,256,0.1455429300629687,4.394030508840316
B,257,0.07265495956533119,4.261126680643944
B,258,0.005991122671545668,4.134709427595114
B,259,-0.054879984505688206,4.014836038974364
B,260,-0.1103695191123446,3.9015261439059743
B,261,-0.16086548653066624,3.7947693618814973
B,262,-0.20673060816638156,3.6945328154169923
B,263,-0.2483008603682313,3.6007683785750766
B,264,-0.28588455567916826,3.513419577754191
B,265,-0.31976184891117443,3.4324281167830746
B,266,-0.3501845400460333,3.357740035611453
B,267,-0.3773760522182845,3.2893115509753583
B,268,-0.4015314660931395,3.2271146592571007
B,269,-0.42281749464859364,3.171142609796477
B,270,-0.4413722824462558,3.1214153823301105
B,271,-0.4573049092284096,3.077985326850282
B,272,-0.4706944672978815,3.040943150029025
B,273,-0.48158856350514445,3.010424461679384
B,274,-0.4900010670939503,2.9866171299346487
B,275,-0.49590888052268445,2.9697697375239835
B,276,-0.49924744664022924,2.960201486515068
B,277,-0.4999046151010098,2.958313968127645
B,278,-0.49771236342222736,2.964605300558711
B,279,-0.4924356889274335,2.9796872434082022
B,280,-0.4837577358899039,3.0043060225408906
B,281,-0.47125986729546243,3.039367739825008
B,282,-0.4543948899328907,3.0859693842072886
B,283,-0.43245093516330435,3.1454365703446383
B,284,-0.40450250478256145,3.2193691360078223
B,285,-0.36934380892003515,3.3096954824741
B,286,-0.3253976365436362,3.4187357548765207
B,287,-0.2705905257631187,3.549272083082105
B,288,-0.20218201183057838,3.7046201212912164
B,289,-0.11653275124685436,3.8886882233835713
B,290,-0.008795152960045627,4.105995640200886
B,291,0.12748493374727587,4.361594494255101
B,292,0.30084542384341173,4.660795941929084
B,293,0.5223957935218504,5.008536246376078
B,294,0.8061179661871525,5.408147675000501
B,295,1.1685466650593161,5.859287103377254
B,296,1.6270775582241441,6.354986982728023
B,297,2.1959957657822153,6.878483469563262
B,298,2.8799506662649037,7.401695401313674
B,299,3.666666667380962,7.888106377586889
A,0,5.0,0.0
A,1,4.990067557971067,0.3150012172748946
A,2,4.960309693246134,0.6287509420179388
A,3,4.910844633131713,0.940002653848091
A,4,4.841868901164622,1.2475197569316878
A,5,4.753656536328528,1.5500804929490162
A,6,4.646558004303419,1.846482795111786
A,7,4.5209988050735825,2.1355490639466086
A,8,4.377477782426041,2.416130845870395
A,9,4.216565142055745,2.6871133959698126
A,10,4.038900186151574,2.9474201068569745
A,11,3.845188773463566,3.1960167860056297
A,12,3.6362005149424665,3.431915764574087
A,13,3.4127657160932707,3.65417982139062
A,14,3.1757720781907057,3.86192590651145
A,15,2.926161171462647,4.054328649557698
A,16,2.6649246942534437,4.230623638892757
A,17,2.393100533029383,4.390110458612002
A,18,2.111768638879833,4.532155471278939
A,19,1.8220467368966065,4.6561943353520405
A,20,1.525085885478088,4.761734247300611
A,21,1.222065903200908,4.848355899501783
A,22,0.914190681428097,4.915715146139982
A,23,0.6026834012766161,4.96354437049027
A,24,0.2887816739471433,4.991653548153386
A,25,-0.02626737627652987,4.9999310020182826
A,26,-0.3412120668233545,4.988343845952696
A,27,-0.6548011297408609,4.956938115458987
A,28,-0.9657886829537152,4.905838584776157
A,29,-1.2729391801243148,4.835248271154692
A,30,-1.5750323194497389,4.74544762827373
A,31,-1.8708678918925101,4.6367934320051045
A,32,-2.159270549583276,4.5097173629510685
A,33,-2.4390944754506365,4.3647242913872795
A,34,-2.7092279355257936,4.2023902714249
A,35,-2.968597695835843,4.023360252360969
A,36,-3.2161732863374466,3.8283455163098057
A,37,-3.4509710949504324,3.618120852295652
A,38,-3.672058275425772,3.393521478033859
A,39,-3.8785564535220987,3.1554397216302648
A,40,-4.069645216766206,2.9048214763823155
A,41,-4.2445653739327724,2.6426624427669427
A,42,-4.4026219712935,2.3700041725456393
A,43,-4.543187053652156,2.0879299307034813
A,44,-4.665702159196012,1.7975603916624514
A,45,-4.769680538251679,1.5000491868679424
A,46,-4.854709087130259,1.1965783214377905
A,47,-4.92044998937874,0.8883534780833331
A,48,-4.966642057916914,0.5765992269599728
A,49,-4.993101772727602,0.26255416047832736
A,50,-4.9997240099774185,-0.052534027594680496
A,51,-4.986482459671332,-0.36741349919423394
A,52,-4.953429730181654,-0.6808332454812321
A,53,-4.900697139236209,-0.991548057071383
A,54,-4.828494192196037,-1.2983234712232314
A,55,-4.737107749695455,-1.599940676329989
A,56,-4.626900887951411,-1.8952013542297932
A,57,-4.498311456270089,-2.182932441095983
A,58,-4.351850337481775,-2.4619907879924656
A,59,-4.1880994182152085,-2.7312677025779504
A,60,-4.00770927707551,-2.9896933539148947
A,61,-3.8113965999104673,-3.2362410228830196
A,62,-3.5999413324342697,-3.469931181310571
A,63,-3.3741835815212906,-3.6898353836170195
A,64,-3.135020277480935,-3.8950799555058384
A,65,-2.8834016105743365,-4.084849465052209
A,66,-2.620327255930474,-4.258389962395162
A,67,-2.346842401860071,-4.415011975162882
A,68,-2.064033597346658,-4.5540932477304645
A,69,-1.7730244352126796,-4.675081213427074
A,70,-1.4749710881112486,-4.777495189870516
A,71,-1.1710577150790114,-4.860928288707202
A,72,-0.8624917568997559,-4.925049032170134
A,73,-0.5504991389701603,-4.969602670032395
A,74,-0.2363194007266456,-4.994412191723887
A,75,0.07879922901608093,-4.999379029590222
A,76,0.3936047912491568,-4.984483450499732
A,77,0.7068465707736713,-4.949784634242737
A,78,1.0172800652631664,-4.895420438411615
A,79,1.323671929642496,-4.821606850695784
A,80,1.6248048761392255,-4.728637130767616
A,81,1.919482510539723,-4.616880645168567
A,82,2.2065340854356226,-4.486781399824464
A,83,2.4848191515761453,-4.338856276020261
A,84,2.753232088846503,-4.173692976842681
A,85,3.010706498870996,-3.99194769224948
A,86,3.256219441789022,-3.79434249204196
A,87,3.488795500371424,-3.581662457098394
A,88,3.707510655330534,-3.354752560265892
A,89,3.9114959564273555,-3.114514309302888
A,90,4.09994097479073,-2.8619021652097127
A,91,4.272097022732443,-2.5979197501771676
A,92,4.427280128266048,-2.3236158602188457
A,93,4.5648737525117165,-2.0400802983288675
A,94,4.684331239190898,-1.7484395447198815
A,95,4.785177986479047,-1.4498522813432864
A,96,4.867013332587665,-1.1455047884727125
A,97,4.929512147584296,-0.8366062316399865
A,98,4.9724261251262085,-0.5243838576485375
A,99,4.995584768975735,-0.21007811875028753
A,100,4.998896070377873,0.10506225564237615
A,101,4.982346873608937,0.4197852201295966
A,102,4.9460029282439395,0.7328403876714057
A,103,4.890008627935057,1.0429839973464121
A,104,4.814586436738997,1.3489838557851197
A,105,4.720036005272459,1.6496242326456065
A,106,4.606732980207186,1.9437106906819794
A,107,4.47512751183444,2.230074831215871
A,108,4.325742465628343,2.5075789361572687
A,109,4.159171344913469,2.775120488132125
A,110,3.976075932889895,3.0316365507583116
A,111,3.7771836633838984,3.2761079916672147
A,112,3.5632847307702233,3.5075635314930187
A,113,3.335228950548166,3.7250836027430823
A,114,3.0939223830442937,3.9278040032182764
A,115,2.8403237336557803,4.1149193294682815
A,116,2.5754405439360957,4.285686176640812
A,117,2.300325188655764,4.439426092011875
A,118,2.0160706947418263,4.57552827046268
A,119,1.7238063987071874,4.693451981194242
A,120,1.4246934598228436,4.7927287160382885
A,121,1.1199202468590284,4.872964050829353
A,122,0.8106976167236271,4.9338392124428445
A,123,0.4982541037557853,4.975112345273272
A,124,0.18383103878745075,4.996619472120958
A,125,-0.13132238263523377,4.998275145669655
A,126,-0.44595406327686354,4.980072787966744
A,127,-0.758813978766072,4.942084716557296
A,128,-1.0686591439133455,4.8844618571681355
A,129,-1.374258551062376,4.807433144083435
A,130,-1.6743980608549294,4.711304610594103
A,131,-1.967885225978364,4.596458173134624
A,132,-2.253554028731149,4.463350113937916
A,133,-2.530269513584151,4.312509268236606
A,134,-2.796932296332661,4.144534923212894
A,135,-3.0524829319243016,3.960094437044503
A,136,-3.2959061236096856,3.7599205875060946
A,137,-3.526234756692846,3.54480866066017
A,138,-3.7425537408555036,3.315613291203978
A,139,-3.9440036457896763,3.073245067025691
A,140,-4.129784115694368,2.8186669114598284
A,141,-4.299157049070603,2.5528902576151893
A,142,-4.45144953118157,2.276971029974554
A,143,-4.586056507527262,1.9920054492312143
A,144,-4.702443187711989,1.6991256770295444
A,145,-4.800147170154197,1.3994953179130878
A,146,-4.878780279197245,1.0943047963506574
A,147,-4.938030107322283,0.7847666272075329
A,148,-4.97766125633608,0.4721105984520166
A,149,-4.997516272602589,0.1575788852363526
A,150,-4.997516272602589,-0.15757888523634894
A,151,-4.97766125633608,-0.472110598452013
A,152,-4.938030107322283,-0.7847666272075293
A,153,-4.878780279197247,-1.0943047963506451
A,154,-4.8001471701542,-1.3994953179130754
A,155,-4.702443187711993,-1.6991256770295324
A,156,-4.586056507527267,-1.9920054492312025
A,157,-4.451449531181572,-2.2769710299745505
A,158,-4.299157049070605,-2.552890257615186
A,159,-4.1297841156943695,-2.8186669114598257
A,160,-3.944003645789678,-3.0732450670256877
A,161,-3.742553740855506,-3.315613291203976
A,162,-3.5262347566928485,-3.544808660660167
A,163,-3.295906123609695,-3.7599205875060866
A,164,-3.052482931924312,-3.960094437044495
A,165,-2.7969322963326713,-4.144534923212887
A,166,-2.530269513584162,-4.3125092682365995
A,167,-2.2535540287311524,-4.463350113937914
A,168,-1.9678852259783675,-4.596458173134622
A,169,-1.6743980608549331,-4.711304610594102
A,170,-1.3742585510623795,-4.807433144083434
A,171,-1.068659143913349,-4.8844618571681355
A,172,-0.7588139787660757,-4.942084716557295
A,173,-0.4459540632768761,-4.980072787966742
A,174,-0.1313223826352419,-4.998275145669655
A,175,0.1838310387874426,-4.996619472120959
A,176,0.4982541037557773,-4.975112345273273
A,177,0.8106976167236192,-4.933839212442846
A,178,1.1199202468590206,-4.872964050829355
A,179,1.42469345982284,-4.792728716038289
A,180,1.7238063987071837,-4.693451981194244
A,181,2.0160706947418228,-4.575528270462682
A,182,2.3003251886557607,-4.439426092011876
A,183,2.5754405439360846,-4.285686176640819
A,184,2.840323733655773,-4.114919329468286
A,185,3.0939223830442875,-3.9278040032182817
A,186,3.3352289505481596,-3.725083602743088
A,187,3.5632847307702176,-3.507563531493024
A,188,3.7771836633838936,-3.276107991667221
A,189,3.976075932889893,-3.0316365507583143
A,190,4.159171344913467,-2.775120488132128
A,191,4.325742465628341,-2.5075789361572713
A,192,4.475127511834434,-2.230074831215882
A,193,4.606732980207181,-1.943710690681991
A,194,4.720036005272457,-1.6496242326456143
A,195,4.814586436738995,-1.3489838557851275
A,196,4.890008627935055,-1.04298399734642
A,197,4.946002928243939,-0.7328403876714138
A,198,4.982346873608936,-0.4197852201296048
A,199,4.998896070377873,-0.10506225564237982
A,200,4.995584768975735,0.21007811875028384
A,201,4.9724261251262085,0.5243838576485338
A,202,4.9295121475842985,0.8366062316399742
A,203,4.867013332587668,1.1455047884727003
A,204,4.78517798647905,1.4498522813432784
A,205,4.684331239190901,1.748439544719874
A,206,4.56487375251172,2.04008029832886
A,207,4.427280128266052,2.3236158602188386
A,208,4.272097022732445,2.597919750177165
A,209,4.099940974790732,2.8619021652097096
A,210,3.9114959564273577,3.114514309302886
A,211,3.7075106553305357,3.3547525602658896
A,212,3.4887955003714333,3.581662457098385
A,213,3.2562194417890282,3.794342492041954
A,214,3.0107064988710026,3.991947692249475
A,215,2.7532320888465107,4.173692976842676
A,216,2.4848191515761524,4.338856276020256
A,217,2.20653408543563,4.486781399824461
A,218,1.9194825105397264,4.616880645168565
A,219,1.6248048761392289,4.728637130767615
A,220,1.3236719296424992,4.821606850695782
A,221,1.0172800652631702,4.895420438411614
A,222,0.7068465707736837,4.949784634242735
A,223,0.3936047912491648,4.984483450499731
A,224,0.07879922901608905,4.999379029590222
A,225,-0.2363194007266375,4.994412191723887
A,226,-0.5504991389701522,4.969602670032397
A,227,-0.8624917568997477,4.9250490321701355
A,228,-1.1710577150790078,4.8609282887072025
A,229,-1.4749710881112452,4.777495189870517
A,230,-1.773024435212676,4.675081213427075
A,231,-2.0640335973466546,4.554093247730466
A,232,-2.34684240186006,4.415011975162888
A,233,-2.6203272559304667,4.258389962395166
A,234,-2.8834016105743294,4.084849465052215
A,235,-3.1350202774809284,3.8950799555058433
A,236,-3.374183581521284,3.689835383617025
A,237,-3.5999413324342653,3.4699311813105753
A,238,-3.811396599910463,3.236241022883024
A,239,-4.007709277075508,2.9896933539148978
A,240,-4.188099418215206,2.7312677025779535
A,241,-4.351850337481773,2.461990787992469
A,242,-4.498311456270085,2.182932441095992
A,243,-4.6269008879514075,1.8952013542298027
A,244,-4.737107749695452,1.5999406763299966
A,245,-4.828494192196035,1.2983234712232392
A,246,-4.9006971392362075,0.9915480570713909
A,247,-4.953429730181654,0.6808332454812378
A,248,-4.986482459671331,0.3674134991942398
A,249,-4.9997240099774185,0.052534027594684174
A,250,-4.993101772727602,-0.2625541604783237
A,251,-4.966642057916914,-0.5765992269599691
A,252,-4.920449989378742,-0.888353478083323
A,253,-4.854709087130262,-1.1965783214377805
A,254,-4.769680538251681,-1.5000491868679346
A,255,-4.665702159196016,-1.7975603916624439
A,256,-4.543187053652158,-2.087929930703476
A,257,-4.402621971293502,-2.370004172545634
A,258,-4.244565373932776,-2.642662442766937
A,259,-4.069645216766209,-2.904821476382313
A,260,-3.8785564535221004,-3.155439721630262
A,261,-3.6720582754257727,-3.393521478033858
A,262,-3.4509710949504333,-3.618120852295651
A,263,-3.2161732863374475,-3.8283455163098044
A,264,-2.968597695835843,-4.02336025236097
A,265,-2.709227935525793,-4.202390271424901
A,266,-2.4390944754506494,-4.364724291387272
A,267,-2.1592705495832893,-4.509717362951061
A,268,-1.8708678918925228,-4.636793432005099
A,269,-1.5750323194497506,-4.745447628273727
A,270,-1.272939180124327,-4.835248271154688
A,271,-0.9657886829537264,-4.905838584776155
A,272,-0.6548011297408711,-4.9569381154589855
A,273,-0.34121206682336364,-4.988343845952695
A,274,-0.02626737627653799,-4.9999310020182826
A,275,0.28878167394713516,-4.991653548153386
A,276,0.6026834012766091,-4.963544370490271
A,277,0.9141906814280913,-4.915715146139984
A,278,1.2220659032009036,-4.848355899501785
A,279,1.5250858854780847,-4.761734247300612
A,280,1.822046736896604,-4.656194335352041
A,281,2.111768638879831,-4.53215547127894
A,282,2.3931005330293815,-4.3901104586120026
A,283,2.6649246942534432,-4.230623638892757
A,284,2.926161171462648,-4.054328649557697
A,285,3.1757720781907066,-3.8619259065114497
A,286,3.4127657160932596,-3.6541798213906307
A,287,3.6362005149424563,-3.4319157645740983
A,288,3.845188773463557,-3.196016786005641
A,289,4.038900186151567,-2.9474201068569847
A,290,4.216565142055738,-2.6871133959698223
A,291,4.377477782426036,-2.4161308458704047
A,292,4.520998805073578,-2.1355490639466175
A,293,4.646558004303415,-1.8464827951117946
A,294,4.753656536328526,-1.5500804929490237
A,295,4.84186890116462,-1.247519756931695
A,296,4.9108446331317115,-0.9400026538480972
A,297,4.960309693246133,-0.6287509420179442
A,298,4.990067557971067,-0.3150012172748992
A,299,5.0,-3.673940397442059e-15
O,0,0.0,0.0
O,1,0.0,0.0
O,2,0.0,0.0
O,3,0.0,0.0
O,4,0.0,0.0
O,5,0.0,0.0
O,6,0.0,0.0
O,7,0.0,0.0
O,8,0.0,0.0
O,9,0.0,0.0
O,10,0.0,0.0
O,11,0.0,0.0
O,12,0.0,0.0
O,13,0.0,0.0
O,14,0.0,0.0
O,15,0.0,0.0
O,16,0.0,0.0
O,17,0.0,0.0
O,18,0.0,0.0
O,19,0.0,0.0
O,20,0.0,0.0
O,21,0.0,0.0
O,22,0.0,0.0
O,23,0.0,0.0
O,24,0.0,0.0
O,25,0.0,0.0
O,26,0.0,0.0
O,27,0.0,0.0
O,28,0.0,0.0
O,29,0.0,0.0
O,30,0.0,0.0
O,31,0.0,0.0
O,32,0.0,0.0
O,33,0.0,0.0
O,34,0.0,0.0
O,35,0.0,0.0
O,36,0.0,0.0
O,37,0.0,0.0
O,38,0.0,0.0
O,39,0.0,0.0
O,40,0.0,0.0
O,41,0.0,0.0
O,42,0.0,0.0
O,43,0.0,0.0
O,44,0.0,0.0
O,45,0.0,0.0
O,46,0.0,0.0
O,47,0.0,0.0
O,48,0.0,0.0
O,49,0.0,0.0
O,50,0.0,0.0
O,51,0.0,0.0
O,52,0.0,0.0
O,53,0.0,0.0
O,54,0.0,0.0
O,55,0.0,0.0
O,56,0.0,0.0
O,57,0.0,0.0
O,58,0.0,0.0
O,59,0.0,0.0
O,60,0.0,0.0
O,61,0.0,0.0
O,62,0.0,0.0
O,63,0.0,0.0
O,64,0.0,0.0
O,65,0.0,0.0
O,66,0.0,0.0
O,67,0.0,0.0
O,68,0.0,0.0
O,69,0.0,0.0
O,70,0.0,0.0
O,71,0.0,0.0
O,72,0.0,0.0
O,73,0.0,0.0
O,74,0.0,0.0
O,75,0.0,0.0
O,76,0.0,0.0
O,77,0.0,0.0
O,78,0.0,0.0
O,79,0.0,0.0
O,80,0.0,0.0
O,81,0.0,0.0
O,82,0.0,0.0
O,83,0.0,0.0
O,84,0.0,0.0
O,85,0.0,0.0
O,86,0.0,0.0
O,87,0.0,0.0
O,88,0.0,0.0
O,89,0.0,0.0
O,90,0.0,0.0
O,91,0.0,0.0
O,92,0.0,0.0
O,93,0.0,0.0
O,94,0.0,0.0
O,95,0.0,0.0
O,96,0.0,0.0
O,97,0.0,0.0
O,98,0.0,0.0
O,99,0.0,0.0
O,100,0.0,0.0
O,101,0.0,0.0
O,102,0.0,0.0
O,103,0.0,0.0
O,104,0.0,0.0
O,105,0.0,0.0
O,106,0.0,0.0
O,107,0.0,0.0
O,108,0.0,0.0
O,109,0.0,0.0
O,110,0.0,0.0
O,111,0.0,0.0
O,112,0.0,0.0
O,113,0.0,0.0
O,114,0.0,0.0
O,115,0.0,0.0
O,116,0.0,0.0
O,117,0.0,0.0
O,118,0.0,0.0
O,119,0.0,0.0
O,120,0.0,0.0
O,121,0.0,0.0
O,122,0.0,0.0
O,123,0.0,0.0
O,124,0.0,0.0
O,125,0.0,0.0
O,126,0.0,0.0
O,127,0.0,0.0
O,128,0.0,0.0
O,129,0.0,0.0
O,130,0.0,0.0
O,131,0.0,0.0
O,132,0.0,0.0
O,133,0.0,0.0
O,134,0.0,0.0
O,135,0.0,0.0
O,136,0.0,0.0
O,137,0.0,0.0
O,138,0.0,0.0
O,139,0.0,0.0
O,140,0.0,0.0
O,141,0.0,0.0
O,142,0.0,0.0
O,143,0.0,0.0
O,144,0.0,0.0
O,145,0.0,0.0
O,146,0.0,0.0
O,147,0.0,0.0
O,148,0.0,0.0
O,149,0.0,0.0
O,150,0.0,0.0
O,151,0.0,0.0
O,152,0.0,0.0
O,153,0.0,0.0
O,154,0.0,0.0
O,155,0.0,0.0
O,156,0.0,0.0
O,157,0.0,0.0
O,158,0.0,0.0
O,159,0.0,0.0
O,160,0.0,0.0
O,161,0.0,0.0
O,162,0.0,0.0
O,163,0.0,0.0
O,164,0.0,0.0
O,165,0.0,0.0
O,166,0.0,0.0
O,167,0.0,0.0
O,168,0.0,0.0
O,169,0.0,0.0
O,170,0.0,0.0
O,171,0.0,0.0
O,172,0.0,0.0
O,173,0.0,0.0
O,174,0.0,0.0
O,175,0.0,0.0
O,176,0.0,0.0
O,177,0.0,0.0
O,178,0.0,0.0
O,179,0.0,0.0
O,180,0.0,0.0
O,181,0.0,0.0
O,182,0.0,0.0
O,183,0.0,0.0
O,184,0.0,0.0
O,185,0.0,0.0
O,186,0.0,0.0
O,187,0.0,0.0
O,188,0.0,0.0
O,189,0.0,0.0
O,190,0.0,0.0
O,191,0.0,0.0
O,192,0.0,0.0
O,193,0.0,0.0
O,194,0.0,0.0
O,195,0.0,0.0
O,196,0.0,0.0
O,197,0.0,0.0
O,198,0.0,0.0
O,199,0.0,0.0
O,200,0.0,0.0
O,201,0.0,0.0
O,202,0.0,0.0
O,203,0.0,0.0
O,204,0.0,0.0
O,205,0.0,0.0
O,206,0.0,0.0
O,207,0.0,0.0
O,208,0.0,0.0
O,209,0.0,0.0
O,210,0.0,0.0
O,211,0.0,0.0
O,212,0.0,0.0
O,213,0.0,0.0
O,214,0.0,0.0
O,215,0.0,0.0
O,216,0.0,0.0
O,217,0.0,0.0
O,218,0.0,0.0
O,219,0.0,0.0
O,220,0.0,0.0
O,221,0.0,0.0
O,222,0.0,0.0
O,223,0.0,0.0
O,224,0.0,0.0
O,225,0.0,0.0
O,226,0.0,0.0
O,227,0.0,0.0
O,228,0.0,0.0
O,229,0.0,0.0
O,230,0.0,0.0
O,231,0.0,0.0
O,232,0.0,0.0
O,233,0.0,0.0
O,234,0.0,0.0
O,235,0.0,0.0
O,236,0.0,0.0
O,237,0.0,0.0
O,238,0.0,0.0
O,239,0.0,0.0
O,240,0.0,0.0
O,241,0.0,0.0
O,242,0.0,0.0
O,243,0.0,0.0
O,244,0.0,0.0
O,245,0.0,0.0
O,246,0.0,0.0
O,247,0.0,0.0
O,248,0.0,0.0
O,249,0.0,0.0
O,250,0.0,0.0
O,251,0.0,0.0
O,252,0.0,0.0
O,253,0.0,0.0
O,254,0.0,0.0
O,255,0.0,0.0
O,256,0.0,0.0
O,257,0.0,0.0
O,258,0.0,0.0
O,259,0.0,0.0
O,260,0.0,0.0
O,261,0.0,0.0
O,262,0.0,0.0
O,263,0.0,0.0
O,264,0.0,0.0
O,265,0.0,0.0
O,266,0.0,0.0
O,267,0.0,0.0
O,268,0.0,0.0
O,269,0.0,0.0
O,270,0.0,0.0
O,271,0.0,0.0
O,272,0.0,0.0
O,273,0.0,0.0
O,274,0.0,0.0
O,275,0.0,0.0
O,276,0.0,0.0
O,277,0.0,0.0
O,278,0.0,0.0
O,279,0.0,0.0
O,280,0.0,0.0
O,281,0.0,0.0
O,282,0.0,0.0
O,283,0.0,0.0
O,284,0.0,0.0
O,285,0.0,0.0
O,286,0.0,0.0
O,287,0.0,0.0
O,288,0.0,0.0
O,289,0.0,0.0
O,290,0.0,0.0
O,291,0.0,0.0
O,292,0.0,0.0
O,293,0.0,0.0
O,294,0.0,0.0
O,295,0.0,0.0
O,296,0.0,0.0
O,297,0.0,0.0
O,298,0.0,0.0
O,299,0.0,0.0
D,0,2.4506231365967888,3.082316921932006
D,1,2.791374520919053,3.6565201726169545
D,2,3.1542190105088133,4.19778953046442
D,3,3.517516026916733,4.6894873377296875
D,4,3.859055851841044,5.124900123744238
D,5,4.161070359530911,5.505942171838487
D,6,4.4124100566581115,5.839623756625563
D,7,4.608155145771702,6.1345994210108685
D,8,4.7479807168447135,6.398934829607351
D,9,4.834387220279928,6.639112368558294
D,10,4.871316340775441,6.859846891545527
D,11,4.86324500097269,7.0642930840020455
D,12,4.8146661467411125,7.2543781585114155
D,13,4.72982947759064,7.431128728133001
D,14,4.612637823660298,7.594943027125067
D,15,4.4666283081298355,7.745800035439328
D,16,4.294995013682909,7.883413086529298
D,17,4.100628599535393,8.007339771650903
D,18,3.886159858906462,8.117059346327235
D,19,3.654000889273888,8.212026724258548
D,20,3.406381182685187,8.291709884436981
D,21,3.1453779054272335,8.35561564698921
D,22,2.872940517380147,8.403307306224333
D,23,2.5909103191417984,8.434416554694415
D,24,2.301035630353719,8.448651380422923
D,25,2.0049833013300096,8.445801092958659
D,26,1.704347197466578,8.425739269327444
D,27,1.4006542137504958,8.38842515935439
D,28,1.0953682939323504,8.33390391654554
D,29,0.7898928540197686,8.262305901473013
D,30,0.4855719456848122,8.173845222674881
D,31,0.18369044223777506,8.068817624025856
D,32,-0.1145265129038038,7.947597789572318
D,33,-0.4079145892172716,7.8106361117305845
D,34,-0.6953717041353873,7.658454953092014
D,35,-0.9758596516466095,7.491644423640157
D,36,-1.2484057825552421,7.310857692540711
D,37,-1.5121046082986056,7.116805855913727
D,38,-1.7661192124660816,6.910252388541738
D,39,-2.0096823661517726,6.692007217825147
D,40,-2.242097256181226,6.462920471938195
D,41,-2.4627377501227925,6.223875970347548
D,42,-2.6710481423588566,5.975784542301166
D,43,-2.866542327460326,5.719577278962217
D,44,-3.0488024276427894,5.456198834867902
D,45,-3.2174768345757827,5.186600917456927
D,46,-3.3722777469032645,4.91173610025992
D,47,-3.5129782577375757,4.6325521005760715
D,48,-3.6394090903498255,4.349986650729746
D,49,-3.751455098515567,4.0649630727987525
D,50,-3.8490516616802193,3.778386638114005
D,51,-3.9321811099609523,3.4911417568701024
D,52,-4.0008693091333845,3.204090002713928
D,53,-4.055182521376566,2.9180689358207936
D,54,-4.095224634997121,2.633891649624059
D,55,-4.121134827899819,2.3523469346311265
D,56,-4.133085698103099,2.074199930400252
D,57,-4.131281863174454,1.8001931253333283
D,58,-4.1159590018763055,1.531047563681331
D,59,-4.087383287743195,1.2674641290422255
D,60,-4.045851147101114,1.0101247916882357
D,61,-3.9916892636592,0.7596937307805164
D,62,-3.9252547479435247,0.5168182692841157
D,63,-3.846935391606,0.28212958679444783
D,64,-3.7571499327803153,0.05624320162713221
D,65,-3.656348267793587,-0.16024076287904448
D,66,-3.5450115553518775,-0.3667374924972292
D,67,-3.423652170645918,-0.5626775242248239
D,68,-3.2928134777461913,-0.7475068497172899
D,69,-3.1530693984864304,-0.9206870013959145
D,70,-3.0050237642861397,-1.0816950318400056
D,71,-2.849309443695113,-1.2300232864596163
D,72,-2.686587242583211,-1.36517885770504
D,73,-2.517544575554384,-1.4866825948155427
D,74,-2.3428939059209624,-1.5940675247793679
D,75,-2.163370946769309,-1.6868765159580248
D,76,-1.9797326062024305,-1.7646589835517505
D,77,-1.7927546440230406,-1.8269663930925961
D,78,-1.6032289821726184,-1.8733462611509537
D,79,-1.4119605728527003,-1.9033342773592923
D,80,-1.2197636696847598,-1.9164440737862372
D,81,-1.0274572580045414,-1.9121540410479296
D,82,-0.8358592640434863,-1.8898904297364811
D,83,-0.6457789537664864,-1.8490057770284962
D,84,-0.45800661076144805,-1.7887514640835418
D,85,-0.2732990874251941,-1.7082429578778766
D,86,-0.09235906141465432,-1.606416074225548
D,87,0.08419533775630439,-1.481972544304376
D,88,0.2558756304302957,-1.3333135553942195
D,89,0.4223905094493402,-1.1584613498191778
D,90,0.583747097712586,-0.9549725338466312
D,91,0.7404016988160212,-0.7198547516473347
D,92,0.8934799968698107,-0.44951430754131594
D,93,1.045086027367997,-0.13979232600552965
D,94,1.198703224900435,0.21380339288583763
D,95,1.3596363461685939,0.6154962256483716
D,96,1.5353154663932715,1.068041946021558
D,97,1.7350639629642917,1.5707784066355932
D,98,1.96871921444366,2.117158268869053
D,99,2.24364014141885,2.692817120327825
D,100,2.5606262226041485,3.2759990494176523
D,101,2.9108567290408383,3.841616393867815
D,102,3.2764108671952377,4.367735482497159
D,103,3.6347831763905005,4.840932004493858
D,104,3.9648106064929443,5.25767686461781
D,105,4.250838744816549,5.622010660277283
D,106,4.483928188346825,5.941825114537527
D,107,4.660896206279434,6.225758750628446
D,108,4.782542705089673,6.481410027153341
D,109,4.851977973399658,6.714666017179573
D,110,4.8734010459358705,6.929688325879619
D,111,4.851336532285869,7.129184115013709
D,112,4.790215600544569,7.314746300810829
D,113,4.694178497786983,7.48716495792872
D,114,4.567005521468664,7.6466783033142365
D,115,4.412115723498679,7.793162107327131
D,116,4.232597261716999,7.926267395390901
D,117,4.031249365274508,8.045518366445902
D,118,3.8106255770118382,8.150381102309625
D,119,3.573073395881844,8.24031137612395
D,120,3.32076846430445,8.314787712059415
D,121,3.0557429084966867,8.37333411942442
D,122,2.779908193951814,8.415535594635873
D,123,2.4950731361968987,8.441048546088465
D,124,2.202957781254353,8.44960762671223
D,125,1.905203841041766,8.441029993127229
D,126,1.6033822967441114,8.415217688008202
D,127,1.2989986993869829,8.372158620051815
D,128,0.9934966161066239,8.311926462939972
D,129,0.68825959916426,8.234679689441506
D,130,0.38461199444436056,8.140659884550372
D,131,0.08381885677558366,8.030189432254424
D,132,-0.2129148002006795,7.903668637333484
D,133,-0.5044452231849107,7.761572321948232
D,134,-0.7896914355108204,7.604445923732603
D,135,-1.0676368980038118,7.432901115722607
D,136,-1.3373311773700267,7.247610967521951
D,137,-1.597891498201401,7.0493046708426865
D,138,-1.8485040667056967,6.838761860426995
D,139,-2.088425066438908,6.616806572874255
D,140,-2.3169812397731238,6.384300900487662
D,141,-2.5335699845525355,6.142138414109772
D,142,-2.737658914082951,5.891237446900893
D,143,-2.9287848506005485,5.63253434861709
D,144,-3.1065522475024427,5.366976835307906
D,145,-3.2706310631392115,5.095517570390763
D,146,-3.420754137486216,4.81910811767264
D,147,-3.5567141505924265,4.5386934032755555
D,148,-3.6783602660397974,4.255206810409135
D,149,-3.7855945813317864,3.9695660083031203
D,150,-3.878368518040026,3.682669585310871
D,151,-3.9566792861959943,3.3953945183664604
D,152,-4.020566549297226,3.108594469782587
D,153,-4.070109398997036,2.823098861593285
D,154,-4.105423728255357,2.539712640473186
D,155,-4.126660030417013,2.2592166219536702
D,156,-4.134001714038249,1.9823682704675964
D,157,-4.127663836318655,1.7099027859310214
D,158,-4.107892286341217,1.4425343494434024
D,159,-4.074963334948846,1.1809574061663817
D,160,-4.0291834839249265,0.9258478795458465
D,161,-3.9708895346312043,0.6778642366425719
D,162,-3.9004487943922674,0.4376483515512612
D,163,-3.818259342287173,0.20582614104912716
D,164,-3.7247502833004806,-0.01699202798053638
D,165,-3.6203819296200996,-0.23021113722993614
D,166,-3.50564585896908,-0.4332514803452863
D,167,-3.381064811142309,-0.6255487335150369
D,168,-3.2471923945430343,-0.806554062412974
D,169,-3.1046125838632292,-0.9757341831815862
D,170,-2.9539389976966004,-1.132571284573193
D,171,-2.7958139505039084,-1.276562707522247
D,172,-2.6309072766987964,-1.4072202660061532
D,173,-2.4599149253670456,-1.524069077623308
D,174,-2.283557321792177,-1.6266457522403073
D,175,-2.1025774857551474,-1.7144957604174964
D,176,-1.917738885238656,-1.7871697677984362
D,177,-1.729822985671953,-1.8442186743900455
D,178,-1.53962642600121,-1.885187035126302
D,179,-1.3479577086557768,-1.9096044559486984
D,180,-1.1556332230862454,-1.9169744526829073
D,181,-0.9634723197878108,-1.9067601225419077
D,182,-0.7722909945827648,-1.8783658048780842
D,183,-0.5828935017942646,-1.8311136964785528
D,184,-0.3960608438027962,-1.7642141433732095
D,185,-0.21253451258468853,-1.6767280823874777
D,186,-0.03299297945843754,-1.567519923345542
D,187,0.14198291259757229,-1.4351992139069292
D,188,0.311961512978162,-1.2780500732331606
D,189,0.47673766440826004,-1.0939493523343977
D,190,0.6364484801852796,-0.880279170538417
D,191,0.7917448794437577,-0.6338497507676137
D,192,0.9440395585572566,-0.3508681196760911
D,193,1.0958478831989382,-0.027024524648972783
D,194,1.251212689518776,0.34217516584081725
D,195,1.4161291743110627,0.7606341543631149
D,196,1.5987271573758743,1.2302221716267447
D,197,1.8087298779341436,1.7485942387156135
D,198,2.0555603850022335,2.306736530568687
D,199,2.344851628386298,2.887603462605079
D,200,2.6744029416012203,3.467702241482921
D,201,3.0320808997960706,4.022248978887484
D,202,3.3977913727889466,4.531715359669752
D,203,3.7488520158418552,4.986040593367429
D,204,4.065618906907815,5.384599379975634
D,205,4.334676914360845,5.733127959508337
D,206,4.5491780361623935,6.040049500910781
D,207,4.707471952059266,6.3137903597926845
D,208,4.811294990794189,6.561411335951465
D,209,4.8642317248258795,6.788205725736357
D,210,4.870654795940061,6.997813720640756
D,211,4.835090987496732,7.192533506698084
D,212,4.761888510302934,7.373658525830277
D,213,4.65507098080284,7.541770191930148
D,214,4.518296306661042,7.6969676602902295
D,215,4.354868999139357,7.839038690519726
D,216,4.167776035101237,7.967582792067398
D,217,3.9597300560617277,8.0820983377142
D,218,3.7332117706474635,8.18204349778102
D,219,3.490507883306916,8.266878541860336
D,220,3.23374333114502,8.336095040361139
D,221,2.9649077343844583,8.389235896778557
D,222,2.6858765593397402,8.425908955949533
D,223,2.398427673060476,8.445796093048742
D,224,2.104254002383439,8.448659093523412
D,225,1.8049729612976821,8.434343221939846
D,226,1.502133232049058,8.402779092911576
D,227,1.197219401529526,8.35398326103604
D,228,0.8916548764452398,8.288057811688537
D,229,0.5868034329543074,8.205189141643768
D,230,0.2839696998794412,8.10564605483263
D,231,-0.015601171389768317,7.989777255237637
D,232,-0.3107244338588748,7.858008290002406
D,233,-0.6002770811799795,7.710837977325054
D,234,-0.8831994282528831,7.5488343430528175
D,235,-1.158496789135214,7.372630085439852
D,236,-1.4252411198010522,7.182917588225554
D,237,-1.6825725059001948,6.9804435073586095
D,238,-1.9297003876082348,6.766002965831794
D,239,-2.1659044261344405,6.540433403707801
D,240,-2.390534930567426,6.304608145865535
D,241,-2.60301278038628,6.059429767372577
D,242,-2.802828798745637,5.805823354432915
D,243,-2.9895425547352064,5.544729775936837
D,244,-3.1627805988602526,5.277099094798652
D,245,-3.3222341640227953,5.003884257389029
D,246,-3.467656392726971,4.726035201416445
D,247,-3.59885917799972,4.444493515953694
D,248,-3.7157097282302587,4.1601877710564645
D,249,-3.8181269824373394,3.8740296087342574
D,250,-3.906078010421854,3.586910653262233
D,251,-3.979574530666015,3.2997002594804434
D,252,-4.038669667540648,3.0132440762326493
D,253,-4.083455049343268,2.7283633623224777
D,254,-4.114058321904273,2.445854958070541
D,255,-4.130641121693984,2.166491789834014
D,256,-4.133397520592817,1.8910237696937389
D,257,-4.122552924677435,1.6201789485917548
D,258,-4.098363383942417,1.3546647878836011
D,259,-4.061115250451397,1.095169429863975
D,260,-4.011125109754594,0.842362869951285
D,261,-3.9487399088852566,0.596897957794576
D,262,-3.874337172974551,0.35941119208781747
D,263,-3.788325301887848,0.13052327050359677
D,264,-3.6911437880173965,-0.08916056948271799
D,265,-3.583263366212048,-0.29905041100135216
D,266,-3.4651860219466704,-0.4985716639999547
D,267,-3.3374448271665926,-0.6871651564190849
D,268,-3.2006035788846576,-0.86428723549096
D,269,-3.0552562244293644,-1.02940979328035
D,270,-2.902026064247049,-1.1820201200622087
D,271,-2.7415647280613036,-1.3216204779134877
D,272,-2.574550922714713,-1.4477272736441031
D,273,-2.40168894979938,-1.5598696934082086
D,274,-2.223706987660659,-1.6575876393009628
D,275,-2.041355124614141,-1.7404287789240886
D,276,-1.8554031167657035,-1.8079444798160198
D,277,-1.666637822306638,-1.8596843487233465
D,278,-1.4758602308537896,-1.8951890271399432
D,279,-1.2838819555088816,-1.9139808047263633
D,280,-1.0915209777572243,-1.9155514957449469
D,281,-0.8995963169804306,-1.899346874790153
D,282,-0.7089211151765271,-1.8647467821801458
D,283,-0.5202933491385656,-1.8110397860244036
D,284,-0.3344829536675188,-1.7373910383477804
D,285,-0.15221347901105525,-1.6428017247337166
D,286,0.02586460790624014,-1.5260583769807425
D,287,0.19921340889261577,-1.3856705133844063
D,288,0.3674665874293719,-1.2197960503370584
D,289,0.5305178598263718,-1.0261566027286582
D,290,0.6886532051700847,-0.8019509716663833
D,291,0.8427455610262228,-0.5437878959811733
D,292,0.9945325355762228,-0.24768369521624412
D,293,1.1469886220018946,0.09078696886113104
D,294,1.3047651485824798,0.4760360568045039
D,295,1.4745720120521573,0.9114873148460962
D,296,1.6651843703629414,1.3978787503749848
D,297,1.8865180458344466,1.930898433743071
D,298,2.147185986306551,2.49889721258682
D,299,2.4506231366413656,3.08231692228056
C,0,8.0,0.0
C,1,8.0,0.0
C,2,8.0,0.0
C,3,8.0,0.0
C,4,8.0,0.0
C,5,8.0,0.0
C,6,8.0,0.0
C,7,8.0,0.0
C,8,8.0,0.0
C,9,8.0,0.0
C,10,8.0,0.0
C,11,8.0,0.0
C,12,8.0,0.0
C,13,8.0,0.0
C,14,8.0,0.0
C,15,8.0,0.0
C,16,8.0,0.0
C,17,8.0,0.0
C,18,8.0,0.0
C,19,8.0,0.0
C,20,8.0,0.0
C,21,8.0,0.0
C,22,8.0,0.0
C,23,8.0,0.0
C,24,8.0,0.0
C,25,8.0,0.0
C,26,8.0,0.0
C,27,8.0,0.0
C,28,8.0,0.0
C,29,8.0,0.0
C,30,8.0,0.0
C,31,8.0,0.0
C,32,8.0,0.0
C,33,8.0,0.0
C,34,8.0,0.0
C,35,8.0,0.0
C,36,8.0,0.0
C,37,8.0,0.0
C,38,8.0,0.0
C,39,8.0,0.0
C,40,8.0,0.0
C,41,8.0,0.0
C,42,8.0,0.0
C,43,8.0,0.0
C,44,8.0,0.0
C,45,8.0,0.0
C,46,8.0,0.0
C,47,8.0,0.0
C,48,8.0,0.0
C,49,8.0,0.0
C,50,8.0,0.0
C,51,8.0,0.0
C,52,8.0,0.0
C,53,8.0,0.0
C,54,8.0,0.0
C,55,8.0,0.0
C,56,8.0,0.0
C,57,8.0,0.0
C,58,8.0,0.0
C,59,8.0,0.0
C,60,8.0,0.0
C,61,8.0,0.0
C,62,8.0,0.0
C,63,8.0,0.0
C,64,8.0,0.0
C,65,8.0,0.0
C,66,8.0,0.0
C,67,8.0,0.0
C,68,8.0,0.0
C,69,8.0,0.0
C,70,8.0,0.0
C,71,8.0,0.0
C,72,8.0,0.0
C,73,8.0,0.0
C,74,8.0,0.0
C,75,8.0,0.0
C,76,8.0,0.0
C,77,8.0,0.0
C,78,8.0,0.0
C,79,8.0,0.0
C,80,8.0,0.0
C,81,8.0,0.0
C,82,8.0,0.0
C,83,8.0,0.0
C,84,8.0,0.0
C,85,8.0,0.0
C,86,8.0,0.0
C,87,8.0,0.0
C,88,8.0,0.0
C,89,8.0,0.0
C,90,8.0,0.0
C,91,8.0,0.0
C,92,8.0,0.0
C,93,8.0,0.0
C,94,8.0,0.0
C,95,8.0,0.0
C,96,8.0,0.0
C,97,8.0,0.0
C,98,8.0,0.0
C,99,8.0,0.0
C,100,8.0,0.0
C,101,8.0,0.0
C,102,8.0,0.0
C,103,8.0,0.0
C,104,8.0,0.0
C,105,8.0,0.0
C,106,8.0,0.0
C,107,8.0,0.0
C,108,8.0,0.0
C,109,8.0,0.0
C,110,8.0,0.0
C,111,8.0,0.0
C,112,8.0,0.0
C,113,8.0,0.0
C,114,8.0,0.0
C,115,8.0,0.0
C,116,8.0,0.0
C,117,8.0,0.0
C,118,8.0,0.0
C,119,8.0,0.0
C,120,8.0,0.0
C,121,8.0,0.0
C,122,8.0,0.0
C,123,8.0,0.0
C,124,8.0,0.0
C,125,8.0,0.0
C,126,8.0,0.0
C,127,8.0,0.0
C,128,8.0,0.0
C,129,8.0,0.0
C,130,8.0,0.0
C,131,8.0,0.0
C,132,8.0,0.0
C,133,8.0,0.0
C,134,8.0,0.0
C,135,8.0,0.0
C,136,8.0,0.0
C,137,8.0,0.0
C,138,8.0,0.0
C,139,8.0,0.0
C,140,8.0,0.0
C,141,8.0,0.0
C,142,8.0,0.0
C,143,8.0,0.0
C,144,8.0,0.0
C,145,8.0,0.0
C,146,8.0,0.0
C,147,8.0,0.0
C,148,8.0,0.0
C,149,8.0,0.0
C,150,8.0,0.0
C,151,8.0,0.0
C,152,8.0,0.0
C,153,8.0,0.0
C,154,8.0,0.0
C,155,8.0,0.0
C,156,8.0,0.0
C,157,8.0,0.0
C,158,8.0,0.0
C,159,8.0,0.0
C,160,8.0,0.0
C,161,8.0,0.0
C,162,8.0,0.0
C,163,8.0,0.0
C,164,8.0,0.0
C,165,8.0,0.0
C,166,8.0,0.0
C,167,8.0,0.0
C,168,8.0,0.0
C,169,8.0,0.0
C,170,8.0,0.0
C,171,8.0,0.0
C,172,8.0,0.0
C,173,8.0,0.0
C,174,8.0,0.0
C,175,8.0,0.0
C,176,8.0,0.0
C,177,8.0,0.0
C,178,8.0,0.0
C,179,8.0,0.0
C,180,8.0,0.0
C,181,8.0,0.0
C,182,8.0,0.0
C,183,8.0,0.0
C,184,8.0,0.0
C,185,8.0,0.0
C,186,8.0,0.0
C,187,8.0,0.0
C,188,8.0,0.0
C,189,8.0,0.0
C,190,8.0,0.0
C,191,8.0,0.0
C,192,8.0,0.0
C,193,8.0,0.0
C,194,8.0,0.0
C,195,8.0,0.0
C,196,8.0,0.0
C,197,8.0,0.0
C,198,8.0,0.0
C,199,8.0,0.0
C,200,8.0,0.0
C,201,8.0,0.0
C,202,8.0,0.0
C,203,8.0,0.0
C,204,8.0,0.0
C,205,8.0,0.0
C,206,8.0,0.0
C,207,8.0,0.0
C,208,8.0,0.0
C,209,8.0,0.0
C,210,8.0,0.0
C,211,8.0,0.0
C,212,8.0,0.0
C,213,8.0,0.0
C,214,8.0,0.0
C,215,8.0,0.0
C,216,8.0,0.0
C,217,8.0,0.0
C,218,8.0,0.0
C,219,8.0,0.0
C,220,8.0,0.0
C,221,8.0,0.0
C,222,8.0,0.0
C,223,8.0,0.0
C,224,8.0,0.0
C,225,8.0,0.0
C,226,8.0,0.0
C,227,8.0,0.0
C,228,8.0,0.0
C,229,8.0,0.0
C,230,8.0,0.0
C,231,8.0,0.0
C,232,8.0,0.0
C,233,8.0,0.0
C,234,8.0,0.0
C,235,8.0,0.0
C,236,8.0,0.0
C,237,8.0,0.0
C,238,8.0,0.0
C,239,8.0,0.0
C,240,8.0,0.0
C,241,8.0,0.0
C,242,8.0,0.0
C,243,8.0,0.0
C,244,8.0,0.0
C,245,8.0,0.0
C,246,8.0,0.0
C,247,8.0,0.0
C,248,8.0,0.0
C,249,8.0,0.0
C,250,8.0,0.0
C,251,8.0,0.0
C,252,8.0,0.0
C,253,8.0,0.0
C,254,8.0,0.0
C,255,8.0,0.0
C,256,8.0,0.0
C,257,8.0,0.0
C,258,8.0,0.0
C,259,8.0,0.0
C,260,8.0,0.0
C,261,8.0,0.0
C,262,8.0,0.0
C,263,8.0,0.0
C,264,8.0,0.0
C,265,8.0,0.0
C,266,8.0,0.0
C,267,8.0,0.0
C,268,8.0,0.0
C,269,8.0,0.0
C,270,8.0,0.0
C,271,8.0,0.0
C,272,8.0,0.0
C,273,8.0,0.0
C,274,8.0,0.0
C,275,8.0,0.0
C,276,8.0,0.0
C,277,8.0,0.0
C,278,8.0,0.0
C,279,8.0,0.0
C,280,8.0,0.0
C,281,8.0,0.0
C,282,8.0,0.0
C,283,8.0,0.0
C,284,8.0,0.0
C,285,8.0,0.0
C,286,8.0,0.0
C,287,8.0,0.0
C,288,8.0,0.0
C,289,8.0,0.0
C,290,8.0,0.0
C,291,8.0,0.0
C,292,8.0,0.0
C,293,8.0,0.0
C,294,8.0,0.0
C,295,8.0,0.0
C,296,8.0,0.0
C,297,8.0,0.0
C,298,8.0,0.0
C,299,8.0,0.0
